Municipality,Municipal status ,Geographic area 
"<a title=""Addington Highlands, Township of"" href=""http://www.addingtonhighlands.ca/"">Addington Highlands, Township of</a>",Lower Tier,Lennox and Addington
"<a title=""Adelaide-Metcalfe, Township of"" href=""http://www.adelaidemetcalfe.on.ca/siteengine/activepage.asp"">Adelaide-Metcalfe, Township of</a>",Lower Tier,Middlesex
"<a title=""Adjala-Tosorontio, Township of"" href=""http://www.townshipadjtos.on.ca/index.htm"">Adjala-Tosorontio, Township of</a>",Lower Tier,Simcoe
"<a title=""Admaston/Bromley, Township of"" href=""http://www.admastonbromley.com/"">Admaston/Bromley, Township of</a>",Lower Tier,Renfrew
"<a title=""Ajax, Town of"" href=""http://www.ajax.ca/en/"">Ajax, Town of</a>",Lower Tier,Durham
"<a title=""Alberton, Township of"" href=""http://www.alberton.ca/"">Alberton, Township of</a>",Single Tier,Rainy River
"<a title=""Alfred and Plantagenet, Township of"" href=""http://www.alfred-plantagenet.com/en"">Alfred and Plantagenet, Township of</a>",Lower Tier,Prescott and Russell
"<a title=""Algonquin Highlands, Township of"" href=""http://www.algonquinhighlands.ca/"">Algonquin Highlands, Township of</a>",Lower Tier,Haliburton
"<a title=""Alnwick/Haldimand, Township of"" href=""http://www.alnwickhaldimand.ca/"">Alnwick/Haldimand, Township of</a>",Lower Tier,Northumberland
"<a title=""Amaranth, Township of"" href=""http://www.amaranth-eastgary.ca/ta/a_home.htm"">Amaranth, Township of</a>",Lower Tier,Dufferin
"<a title=""Amherstburg, Town of"" href=""http://www.amherstburg.ca/"">Amherstburg, Town of</a>",Lower Tier,Essex
"<a title=""Armour, Township of"" href=""http://www.armourtownship.ca/"">Armour, Township of</a>",Single Tier,Parry Sound
"<a title=""Armstrong, Township of"" href=""http://www.armstrongtownship.com/"">Armstrong, Township of</a>",Single Tier,Timiskaming
"<a title=""Arnprior, Town of"" href=""http://www.arnprior.ca/"">Arnprior, Town of</a>",Lower Tier,Renfrew
"<a title=""Arran-Elderslie, Municipality of"" href=""http://www.arran-elderslie.com/"">Arran-Elderslie, Municipality of</a>",Lower Tier,Bruce
"<a title=""Ashfield-Colborne-Wawanosh, Township of"" href=""http://www.acwtownship.ca/"">Ashfield-Colborne-Wawanosh, Township of</a>",Lower Tier,Huron
"<a title=""Asphodel-Norwood, Township of"" href=""http://www.asphodelnorwood.com/"">Asphodel-Norwood, Township of</a>",Lower Tier,Peterborough
"<a title=""Assiginack, Township of"" href=""http://www.assiginack.ca/"">Assiginack, Township of</a>",Single Tier,Manitoulin
"<a title=""Athens, Township of"" href=""http://www.athenstownship.ca/"">Athens, Township of</a>",Lower Tier,Leeds and Grenville
"<a title=""Atikokan, Town of"" href=""http://www.atikokan.ca/siteengine/activepage.asp"">Atikokan, Town of</a>",Single Tier,Rainy River
"<a title=""Augusta, Township of"" href=""http://www.augusta.ca/"">Augusta, Township of</a>",Lower Tier,Leeds and Grenville
"<a title=""Aurora, Town of"" href=""http://www.town.aurora.on.ca/aurora/index_e.aspx?ArticleID=3"">Aurora, Town of</a>",Lower Tier,York
"<a title=""Aylmer, Town of"" href=""http://www.aylmer.ca/"">Aylmer, Town of</a>",Lower Tier,Elgin
"<a title=""Baldwin, Township of"" href=""http://www.townshipofbaldwin.ca/"">Baldwin, Township of</a>",Single Tier,Sudbury
"<a title=""Bancroft, Town of"" href=""http://www.bancroft.ca/"">Bancroft, Town of</a>",Lower Tier,Hastings
"<a title=""Barrie, City of"" href=""http://www.barrie.ca/Pages/default.aspx"">Barrie, City of</a>",Single Tier,Simcoe
"<a title=""Bayham, Municipality of"" href=""http://www.bayham.on.ca/siteengine/activepage.asp"">Bayham, Municipality of</a>",Lower Tier,Elgin
"<a title=""Beckwith, Township of"" href=""http://www.twp.beckwith.on.ca/"">Beckwith, Township of</a>",Lower Tier,Lanark
"<a title=""Belleville, City of"" href=""http://www.belleville.ca/"">Belleville, City of</a>",Single Tier,Hastings
"<a title=""Billings, Township of"" href=""http://www.billingstwp.ca/"">Billings, Township of</a>",Single Tier,Manitoulin
"<a title=""Black River-Matheson, Township of"" href=""http://www.blackriver-matheson.com/"">Black River-Matheson, Township of</a>",Single Tier,Cochrane
"<a title=""Blandford-Blenheim, Township of"" href=""http://www.blandfordblenheim.ca/"">Blandford-Blenheim, Township of</a>",Lower Tier,Oxford
"<a title=""Blind River, Town of"" href=""http://www.blindriver.com/site/welcome/"">Blind River, Town of</a>",Single Tier,Algoma
"<a title=""Bluewater, Municipality of"" href=""http://www.town.bluewater.on.ca/"">Bluewater, Municipality of</a>",Lower Tier,Huron
"<a title=""Bonfield, Township of"" href=""http://www.ebonfield.org/"">Bonfield, Township of</a>",Single Tier,Nipissing
"<a title=""Bonnechere Valley, Township of"" href=""http://www.bonnecherevalleytwp.com/"">Bonnechere Valley, Township of</a>",Lower Tier,Renfrew
"<a title=""Bracebridge, Town of"" href=""http://www.bracebridge.ca/"">Bracebridge, Town of</a>",Lower Tier,Muskoka
"<a title=""Bradford West Gwillimbury, Town of"" href=""http://www.town.bradfordwestgwillimbury.on.ca/"">Bradford West Gwillimbury, Town of</a>",Lower Tier,Simcoe
"<a title=""Brampton, City of"" href=""http://www.brampton.ca/en/pages/welcome.aspx"">Brampton, City of</a>",Lower Tier,Peel
"<a title=""Brant, County of"" href=""http://www.brant.ca/"">Brant, County of</a>",Single Tier,Brant
"<a title=""Brantford, City of"" href=""http://www.brantford.ca/Pages/default.aspx"">Brantford, City of</a>",Single Tier,Brant
"<a title=""Brethour, Township of""></a>Brethour, Township of",Single Tier,Timiskaming
"<a title=""Brighton, Municipality of"" href=""http://www.brighton.ca/"">Brighton, Municipality of</a>",Lower Tier,Northumberland
"<a title=""Brock, Township of"" href=""http://townshipofbrock.ca/"">Brock, Township of</a>",Lower Tier,Durham
"<a title=""Brockton, Municipality of"" href=""http://www.brockton.ca/"">Brockton, Municipality of</a>",Lower Tier,Bruce
"<a title=""Brockville, City of"" href=""http://www.brockville.com/"">Brockville, City of</a>",Single Tier,Leeds and Grenville
"<a title=""Brooke-Alvinston, Municipality of"" href=""http://brookealvinston.com/home/"">Brooke-Alvinston, Municipality of</a>",Lower Tier,Lambton
"<a title=""Bruce, County of"" href=""http://www.brucecounty.on.ca/"">Bruce, County of</a>",Upper Tier,Bruce
"<a title=""Bruce Mines, Town of"" href=""http://www.brucemines.ca/"">Bruce Mines, Town of</a>",Single Tier,Algoma
"<a title=""Brudenell, Lyndoch and Raglan, Township of"" href=""http://www.blrtownship.ca/"">Brudenell, Lyndoch and Raglan, Township of</a>",Lower Tier,Renfrew
"<a title=""Burk's Falls, Village of"" href=""http://www.burksfalls.net/"">Burk's Falls, Village of</a>",Single Tier,Parry Sound
"<a title=""Burlington, City of"" href=""http://cms.burlington.ca/site4.aspx"">Burlington, City of</a>",Lower Tier,Halton
"<a title=""Burpee and Mills, Township of"" href=""http://www.burpeemills.com/"">Burpee and Mills, Township of</a>",Single Tier,Manitoulin
"<a title=""Caledon, Town of"" href=""http://www.town.caledon.on.ca/"">Caledon, Town of</a>",Lower Tier,Peel
"<a title=""Callander, Municipality of"" href=""http://mycallander.ca/"">Callander, Municipality of</a>",Single Tier,Parry Sound
"<a title=""Calvin, Municipality of"" href=""http://www.calvintownship.ca/"">Calvin, Municipality of</a>",Single Tier,Nipissing
"<a title=""Cambridge, City of"" href=""http://www.cambridge.ca/"">Cambridge, City of</a>",Lower Tier,Waterloo
"<a title=""Carleton Place, Town of"" href=""http://www.carletonplace.ca/"">Carleton Place, Town of</a>",Lower Tier,Lanark
"<a title=""Carling, Township of"" href=""http://www.carlingtownship.ca/"">Carling, Township of</a>",Single Tier,Parry Sound
"<a title=""Carlow/Mayo, Township of"" href=""http://www.carlowmayo.ca/"">Carlow/Mayo, Township of</a>",Lower Tier,Hastings
"<a title=""Casey, Township of"" href=""http://www.harley.ca/casey/"">Casey, Township of</a>",Single Tier,Timiskaming
"<a title=""Casselman, Municipality of"" href=""http://www.en.casselman.ca/"">Casselman, Municipality of</a>",Lower Tier,Prescott and Russell
"<a title=""Cavan Monaghan, Township of"" href=""http://www.cavanmonaghan.net/siteengine/activepage.asp"">Cavan Monaghan, Township of</a>",Lower Tier,Peterborough
"<a title=""Central Elgin, Municipality of"" href=""http://www.centralelgin.org/siteengine/activepage.asp"">Central Elgin, Municipality of</a>",Lower Tier,Elgin
"<a title=""Central Frontenac, Township of"" href=""http://www.centralfrontenac.com/"">Central Frontenac, Township of</a>",Lower Tier,Frontenac
"<a title=""Central Huron, Municipality of"" href=""http://www.centralhuron.com/"">Central Huron, Municipality of</a>",Lower Tier,Huron
"<a title=""Central Manitoulin, Municipality of"" href=""http://www.centralmanitoulin.ca/"">Central Manitoulin, Municipality of</a>",Single Tier,Manitoulin
"<a title=""Centre Hastings, Municipality of"" href=""http://www.centrehastings.com/"">Centre Hastings, Municipality of</a>",Lower Tier,Hastings
"<a title=""Centre Wellington, Township of"" href=""http://www.centrewellington.ca/default.aspx"">Centre Wellington, Township of</a>",Lower Tier,Wellington
"<a title=""Chamberlain, Township of"" href=""https://www.chamberlaintownship.com/"">Chamberlain, Township of</a>",Single Tier,Timiskaming
"<a title=""Champlain, Township of"" href=""http://www.champlain.ca/en/index.aspx"">Champlain, Township of</a>",Lower Tier,Prescott and Russell
"<a title=""Chapleau, Township of"" href=""http://www.chapleau.ca/portal/en/community/townshipofchapleau"">Chapleau, Township of</a>",Single Tier,Sudbury
"<a title=""Chapple, Township of"" href=""http://www.chapple.on.ca/"">Chapple, Township of</a>",Single Tier,Rainy River
"<a title=""Charlton and Dack, Municipality of"" href=""http://www.charltonanddack.com/"">Charlton and Dack, Municipality of</a>",Single Tier,Timiskaming
"<a title=""Chatham-Kent, Municipality of"" href=""http://www.chatham-kent.ca/default.htm"">Chatham-Kent, Municipality of</a>",Single Tier,Chatham-Kent
"<a title=""Chatsworth, Township of"" href=""http://www.chatsworth.ca/"">Chatsworth, Township of</a>",Lower Tier,Grey
"<a title=""Chisholm, Township of"" href=""http://www.chisholm.ca/"">Chisholm, Township of</a>",Single Tier,Nipissing
"<a title=""Clarence-Rockland, City of"" href=""http://www.clarence-rockland.com/"">Clarence-Rockland, City of</a>",Lower Tier,Prescott and Russell
"<a title=""Clarington, Municipality of"" href=""http://www.clarington.net/"">Clarington, Municipality of</a>",Lower Tier,Durham
"<a title=""Clearview, Township of"" href=""http://www.clearview.ca/"">Clearview, Township of</a>",Lower Tier,Simcoe
"<a title=""Cobalt, Town of"" href=""http://www.cobalt.ca/"">Cobalt, Town of</a>",Single Tier,Timiskaming
"<a title=""Cobourg, Town of"" href=""http://www.cobourg.ca/"">Cobourg, Town of</a>",Lower Tier,Northumberland
"<a title=""Cochrane, Town of"" href=""http://www.town.cochrane.on.ca/"">Cochrane, Town of</a>",Single Tier,Cochrane
"<a title=""Cockburn Island, Township of""></a>Cockburn Island, Township of",Single Tier,Manitoulin
"<a title=""Coleman, Township of"" href=""http://www.colemantownship.ca/"">Coleman, Township of</a>",Single Tier,Timiskaming
"<a title=""Collingwood, Town of"" href=""http://www.collingwood.ca/"">Collingwood, Town of</a>",Lower Tier,Simcoe
"<a title=""Conmee, Township of"" href=""http://www.conmee.com/"">Conmee, Township of</a>",Single Tier,Thunder Bay
"<a title=""Cornwall, City of"" href=""http://www.cornwall.ca/"">Cornwall, City of</a>",Single Tier,"Stormont, Dundas and Glengarry"
"<a title=""Cramahe, Township of"" href=""http://www.visitcramahe.ca/"">Cramahe, Township of</a>",Lower Tier,Northumberland
"<a title=""Dawn-Euphemia, Township of"" href=""http://www.dawneuphemia.ca/Pages/Dawn-Euphemia.aspx"">Dawn-Euphemia, Township of</a>",Lower Tier,Lambton
"<a title=""Dawson, Township of""></a>Dawson, Township of",Single Tier,Rainy River
"<a title=""Deep River, Town of"" href=""http://www.deepriver.ca/"">Deep River, Town of</a>",Lower Tier,Renfrew
"<a title=""Deseronto, Town of"" href=""http://www.deseronto.ca/"">Deseronto, Town of</a>",Lower Tier,Hastings
"<a title=""Dorion, Township of"" href=""http://www.doriontownship.ca/"">Dorion, Township of</a>",Single Tier,Thunder Bay
"<a title=""Douro-Dummer, Township of"" href=""http://www.dourodummer.on.ca/"">Douro-Dummer, Township of</a>",Lower Tier,Peterborough
"<a title=""Drummond/North Elmsley, Township of"" href=""http://www.drummondnorthelmsley.com/"">Drummond/North Elmsley, Township of</a>",Lower Tier,Lanark
"<a title=""Dryden, City of"" href=""http://www.dryden.ca/"">Dryden, City of</a>",Single Tier,Kenora
"<a title=""Dubreuilville, Township of"" href=""http://www.dubreuilville.ca/"">Dubreuilville, Township of</a>",Single Tier,Algoma
"<a title=""Dufferin, County of"" href=""http://www.dufferincounty.on.ca/"">Dufferin, County of</a>",Upper Tier,Dufferin
"<a title=""Durham, Regional Municipality of"" href=""http://www.durham.ca/"">Durham, Regional Municipality of</a>",Upper Tier,Durham
"<a title=""Dutton/Dunwich, Municipality of"" href=""http://www.duttondunwich.on.ca/"">Dutton/Dunwich, Municipality of</a>",Lower Tier,Elgin
"<a title=""Dysart et al, Municipality of"" href=""http://www.dysartetal.ca/"">Dysart et al, Municipality of</a>",Lower Tier,Haliburton
"<a title=""Ear Falls, Township of"" href=""http://www.ear-falls.com/"">Ear Falls, Township of</a>",Single Tier,Kenora
"<a title=""East Ferris, Township of"" href=""http://eastferris.ca/"">East Ferris, Township of</a>",Single Tier,Nipissing
"<a title=""East Garafraxa, Township of"" href=""http://www.amaranth-eastgary.ca/ta/a_home.htm"">East Garafraxa, Township of</a>",Lower Tier,Dufferin
"<a title=""East Gwillimbury, Town of"" href=""http://www.eastgwillimbury.ca/"">East Gwillimbury, Town of</a>",Lower Tier,York
"<a title=""East Hawkesbury, Township of"" href=""http://www.easthawkesbury.ca/"">East Hawkesbury, Township of</a>",Lower Tier,Prescott and Russell
"<a title=""East Zorra-Tavistock, Township of"" href=""http://www.twp.ezt.on.ca/"">East Zorra-Tavistock, Township of</a>",Lower Tier,Oxford
"<a title=""Edwardsburgh/Cardinal, Township of"" href=""http://www.edwardsburghcardinal.ca/"">Edwardsburgh/Cardinal, Township of</a>",Lower Tier,Leeds and Grenville
"<a title=""Elgin, County of"" href=""http://www.elgin-county.on.ca/"">Elgin, County of</a>",Upper Tier,Elgin
"<a title=""Elizabethtown-Kitley, Township of"" href=""http://www.elizabethtown-kitley.on.ca/"">Elizabethtown-Kitley, Township of</a>",Lower Tier,Leeds and Grenville
"<a title=""Elliot Lake, City of"" href=""http://www.cityofelliotlake.com/"">Elliot Lake, City of</a>",Single Tier,Algoma
"<a title=""Emo, Township of"" href=""http://www.twspemo.on.ca/"">Emo, Township of</a>",Single Tier,Rainy River
"<a title=""Englehart, Town of"" href=""http://www.englehart.ca/"">Englehart, Town of</a>",Single Tier,Timiskaming
"<a title=""Enniskillen, Township of"" href=""http://www.enniskillen.ca/"">Enniskillen, Township of</a>",Lower Tier,Lambton
"<a title=""Erin, Town of"" href=""http://www.erin.ca/"">Erin, Town of</a>",Lower Tier,Wellington
"<a title=""Espanola, Town of"" href=""http://www.town.espanola.on.ca/"">Espanola, Town of</a>",Single Tier,Sudbury
"<a title=""Essa, Township of"" href=""http://www.essatownship.on.ca/"">Essa, Township of</a>",Lower Tier,Simcoe
"<a title=""Essex, County of"" href=""http://www.countyofessex.on.ca/"">Essex, County of</a>",Upper Tier,Essex
"<a title=""Essex, Town of"" href=""http://www.townofessex.on.ca/"">Essex, Town of</a>",Lower Tier,Essex
"<a title=""Evanturel, Township of"" href=""http://www.evanturel.com/"">Evanturel, Township of</a>",Single Tier,Timiskaming
"<a title=""Faraday, Township of"" href=""http://www.faraday.ca/"">Faraday, Township of</a>",Lower Tier,Hastings
"<a title=""Fauquier-Strickland, Township of"" href=""http://www.fauquierstrickland.com/"">Fauquier-Strickland, Township of</a>",Single Tier,Cochrane
"<a title=""Fort Erie, Town of"" href=""http://www.forterie.on.ca/"">Fort Erie, Town of</a>",Lower Tier,Niagara
"<a title=""Fort Frances, Town of"" href=""http://www.fort-frances.com/"">Fort Frances, Town of</a>",Single Tier,Rainy River
"<a title=""French River, Municipality of"" href=""http://www.frenchriver.ca/"">French River, Municipality of</a>",Single Tier,Sudbury
"<a title=""Front of Yonge, Township of"" href=""http://www.frontofyonge.com/"">Front of Yonge, Township of</a>",Lower Tier,Leeds and Grenville
"<a title=""Frontenac, County of"" href=""http://frontenacislands.ca/"">Frontenac, County of</a>",Upper Tier,Frontenac
"<a title=""Frontenac Islands, Township of"" href=""http://municipality.frontenacislands.on.ca/"">Frontenac Islands, Township of</a>",Lower Tier,Frontenac
"<a title=""Gananoque, Town of"" href=""http://www.gananoque.ca/"">Gananoque, Town of</a>",Single Tier,Leeds and Grenville
"<a title=""Gauthier, Township of""></a>Gauthier, Township of",Single Tier,Timiskaming
"<a title=""Georgian Bay, Township of"" href=""http://www.gbtownship.ca/"">Georgian Bay, Township of</a>",Lower Tier,Muskoka
"<a title=""Georgian Bluffs, Township of"" href=""http://www.georgianbluffs.on.ca/"">Georgian Bluffs, Township of</a>",Lower Tier,Grey
"<a title=""Georgina, Town of"" href=""http://www.georgina.ca/"">Georgina, Town of</a>",Lower Tier,York
"<a title=""Gillies, Township of"" href=""http://www.gilliestownship.com/"">Gillies, Township of</a>",Single Tier,Thunder Bay
"<a title=""Goderich, Town of"" href=""http://www.goderich.ca/"">Goderich, Town of</a>",Lower Tier,Huron
"<a title=""Gordon/Barrie Island, Municipality of"" href=""http://gordontownship.manitoulin-link.com/index.html"">Gordon/Barrie Island, Municipality of</a>",Single Tier,Manitoulin
"<a title=""Gore Bay, Town of"" href=""http://www.gorebay.ca/"">Gore Bay, Town of</a>",Single Tier,Manitoulin
"<a title=""Grand Valley, Town of"" href=""http://www.eastluthergrandvalley.ca/"">Grand Valley, Town of</a>",Lower Tier,Dufferin
"<a title=""Gravenhurst, Town of"" href=""http://www.gravenhurst.ca/"">Gravenhurst, Town of</a>",Lower Tier,Muskoka
"<a title=""Greater Madawaska, Township of"" href=""http://www.greatermadawaska.com/"">Greater Madawaska, Township of</a>",Lower Tier,Renfrew
"<a title=""Greater Napanee, Town of"" href=""http://www.town.greaternapanee.on.ca/"">Greater Napanee, Town of</a>",Lower Tier,Lennox and Addington
"<a title=""Greater Sudbury, City of"" href=""http://www.city.greatersudbury.on.ca/"">Greater Sudbury, City of</a>",Single Tier,Sudbury
"<a title=""Greenstone, Municipality of"" href=""http://www.greenstone.ca/"">Greenstone, Municipality of</a>",Single Tier,Thunder Bay
"<a title=""Grey, County of"" href=""http://www.grey.ca/"">Grey, County of</a>",Upper Tier,Grey
"<a title=""Grey Highlands, Municipality of"" href=""http://www.greyhighlands.ca/"">Grey Highlands, Municipality of</a>",Lower Tier,Grey
"<a title=""Grimsby, Town of"" href=""http://www.town.grimsby.on.ca/"">Grimsby, Town of</a>",Lower Tier,Niagara
"<a title=""Guelph, City of"" href=""http://www.guelph.ca/"">Guelph, City of</a>",Single Tier,Wellington
"<a title=""Guelph/Eramosa, Township of"" href=""http://www.get.on.ca/"">Guelph/Eramosa, Township of</a>",Lower Tier,Wellington
"<a title=""Haldimand County"" href=""http://www.haldimandcounty.on.ca/"">Haldimand County</a>",Single Tier,Haldimand
"<a title=""Haliburton, County of"" href=""http://haliburtoncounty.ca/"">Haliburton, County of</a>",Upper Tier,Haliburton
"<a title=""Halton, Regional Municipality of"" href=""http://www.halton.ca/"">Halton, Regional Municipality of</a>",Upper Tier,Halton
"<a title=""Halton Hills, Town of"" href=""http://www.haltonhills.ca/"">Halton Hills, Town of</a>",Lower Tier,Halton
"<a title=""Hamilton, City of"" href=""http://www.hamilton.ca/"">Hamilton, City of</a>",Single Tier,Hamilton
"<a title=""Hamilton, Township of"" href=""http://www.hamiltontownship.ca/"">Hamilton, Township of</a>",Lower Tier,Northumberland
"<a title=""Hanover, Town of"" href=""http://www.hanover.ca/"">Hanover, Town of</a>",Lower Tier,Grey
"<a title=""Harley, Township of"" href=""http://www.harley.ca/"">Harley, Township of</a>",Single Tier,Timiskaming
"<a title=""Harris, Township of""></a>Harris, Township of",Single Tier,Timiskaming
"<a title=""Hastings, County of"" href=""http://www.hastingscounty.com/"">Hastings, County of</a>",Upper Tier,Hastings
"<a title=""Hastings Highlands, Municipality of"" href=""http://www.hastingshighlands.ca/"">Hastings Highlands, Municipality of</a>",Lower Tier,Hastings
"<a title=""Havelock-Belmont-Methuen, Township of"" href=""http://www.hbmtwp.ca/"">Havelock-Belmont-Methuen, Township of</a>",Lower Tier,Peterborough
"<a title=""Hawkesbury, Town of"" href=""http://www.hawkesbury.ca/en/"">Hawkesbury, Town of</a>",Lower Tier,Prescott and Russell
"<a title=""Head, Clara and Maria, Township of"" href=""http://townshipsofheadclaramaria.ca/"">Head, Clara and Maria, Township of</a>",Lower Tier,Renfrew
"<a title=""Hearst, Town of"" href=""http://www.hearst.ca/"">Hearst, Town of</a>",Single Tier,Cochrane
"<a title=""Highlands East, Municipality of"" href=""http://www.highlandseast.ca/"">Highlands East, Municipality of</a>",Lower Tier,Haliburton
"<a title=""Hilliard, Township of""></a>Hilliard, Township of",Single Tier,Timiskaming
"<a title=""Hilton, Township of"" href=""http://www.hiltontownship.ca/"">Hilton, Township of</a>",Single Tier,Algoma
"<a title=""Hilton Beach, Village of"" href=""http://www.hiltonbeach.com/"">Hilton Beach, Village of</a>",Single Tier,Algoma
"<a title=""Hornepayne, Township of"" href=""http://www.townshipofhornepayne.ca/"">Hornepayne, Township of</a>",Single Tier,Algoma
"<a title=""Horton, Township of"" href=""http://www.hortontownship.ca/"">Horton, Township of</a>",Lower Tier,Renfrew
"<a title=""Howick, Township of"" href=""http://www.town.howick.on.ca/"">Howick, Township of</a>",Lower Tier,Huron
"<a title=""Hudson, Township of"" href=""http://www.harley.ca/hudson/"">Hudson, Township of</a>",Single Tier,Timiskaming
"<a title=""Huntsville, Town of"" href=""http://www.town.huntsville.on.ca/"">Huntsville, Town of</a>",Lower Tier,Muskoka
"<a title=""Huron, County of"" href=""http://www.huroncounty.ca/"">Huron, County of</a>",Upper Tier,Huron
"<a title=""Huron East, Municipality of"" href=""http://www.huroneast.com/"">Huron East, Municipality of</a>",Lower Tier,Huron
"<a title=""Huron Shores, Municipality of"" href=""http://www.huronshores.ca/"">Huron Shores, Municipality of</a>",Single Tier,Algoma
"<a title=""Huron-Kinloss, Township of"" href=""http://www.huronkinloss.com/"">Huron-Kinloss, Township of</a>",Lower Tier,Bruce
"<a title=""Ignace, Township of"" href=""http://town.ignace.on.ca/"">Ignace, Township of</a>",Single Tier,Kenora
"<a title=""Ingersoll, Town of"" href=""http://www.ingersoll.ca/"">Ingersoll, Town of</a>",Lower Tier,Oxford
"<a title=""Innisfil, Town of"" href=""http://www.town.innisfil.on.ca/"">Innisfil, Town of</a>",Lower Tier,Simcoe
"<a title=""Iroquois Falls, Town of"" href=""http://www.iroquoisfalls.com/main.html"">Iroquois Falls, Town of</a>",Single Tier,Cochrane
"<a title=""James, Township of"" href=""http://www.elklake.ca/"">James, Township of</a>",Single Tier,Timiskaming
"<a title=""Jocelyn, Township of"" href=""http://www.stjosephisland.net/jocelyntownship/"">Jocelyn, Township of</a>",Single Tier,Algoma
"<a title=""Johnson, Township of"" href=""http://www.johnsontwp.ca/"">Johnson, Township of</a>",Single Tier,Algoma
"<a title=""Joly, Township of"" href=""http://www.townshipofjoly.com/"">Joly, Township of</a>",Single Tier,Parry Sound
"<a title=""Kapuskasing, Town of"" href=""http://www.kapuskasing.ca/"">Kapuskasing, Town of</a>",Single Tier,Cochrane
"<a title=""Kawartha Lakes, City of"" href=""http://www.city.kawarthalakes.on.ca/"">Kawartha Lakes, City of</a>",Single Tier,Kawartha Lakes
"<a title=""Kearney, Town of"" href=""http://www.townofkearney.com/"">Kearney, Town of</a>",Single Tier,Parry Sound
"<a title=""Kenora, City of"" href=""http://www.kenora.ca/"">Kenora, City of</a>",Single Tier,Kenora
"<a title=""Kerns, Township of"" href=""http://www.harley.ca/kerns/"">Kerns, Township of</a>",Single Tier,Timiskaming
"<a title=""Killaloe, Hagarty and Richards, Township of"" href=""http://www.killaloe-hagarty-richards.ca/"">Killaloe, Hagarty and Richards, Township of</a>",Lower Tier,Renfrew
"<a title=""Killarney, Municipality of"" href=""http://www.municipality.killarney.on.ca/"">Killarney, Municipality of</a>",Single Tier,Sudbury
"<a title=""Kincardine, Municipality of"" href=""http://www.kincardine.net/"">Kincardine, Municipality of</a>",Lower Tier,Bruce
"<a title=""King, Township of"" href=""http://www.king.ca/"">King, Township of</a>",Lower Tier,York
"<a title=""Kingston, City of"" href=""http://www.cityofkingston.ca/"">Kingston, City of</a>",Single Tier,Frontenac
"<a title=""Kingsville, Town of"" href=""http://www.town.kingsville.on.ca/"">Kingsville, Town of</a>",Lower Tier,Essex
"<a title=""Kirkland Lake, Town of"" href=""http://www.discoverkl.ca/"">Kirkland Lake, Town of</a>",Single Tier,Timiskaming
"<a title=""Kitchener, City of"" href=""http://www.kitchener.ca/"">Kitchener, City of</a>",Lower Tier,Waterloo
"<a title=""La Vallee, Township of"" href=""http://www.lavallee.ca/"">La Vallee, Township of</a>",Single Tier,Rainy River
"<a title=""LaSalle, Town of"" href=""http://www.town.lasalle.on.ca/"">LaSalle, Town of</a>",Lower Tier,Essex
"<a title=""Laird, Township of"" href=""http://www.lairdtownship.ca/"">Laird, Township of</a>",Single Tier,Algoma
"<a title=""Lake of Bays, Township of"" href=""http://www.lakeofbays.on.ca/"">Lake of Bays, Township of</a>",Lower Tier,Muskoka
"<a title=""Lake of the Woods, Township of"" href=""http://www.lakeofthewoods.ca/"">Lake of the Woods, Township of</a>",Single Tier,Rainy River
"<a title=""Lakeshore, Town of"" href=""http://www.townoflakeshore.on.ca/"">Lakeshore, Town of</a>",Lower Tier,Essex
"<a title=""Lambton, County of"" href=""http://www.lambtononline.ca/"">Lambton, County of</a>",Upper Tier,Lambton
"<a title=""Lambton Shores, Municipality of"" href=""http://www.lambtonshores.ca/"">Lambton Shores, Municipality of</a>",Lower Tier,Lambton
"<a title=""Lanark, County of"" href=""http://www.county.lanark.on.ca/"">Lanark, County of</a>",Upper Tier,Lanark
"<a title=""Lanark Highlands, Township of"" href=""http://www.lanarkhighlands.ca/"">Lanark Highlands, Township of</a>",Lower Tier,Lanark
"<a title=""Larder Lake, Township of"" href=""http://www.larderlake.net/"">Larder Lake, Township of</a>",Single Tier,Timiskaming
"<a title=""Latchford, Town of"" href=""http://www.latchford.ca/"">Latchford, Town of</a>",Single Tier,Timiskaming
"<a title=""Laurentian Hills, Town of"" href=""http://www.laurentianhills.ca/"">Laurentian Hills, Town of</a>",Lower Tier,Renfrew
"<a title=""Laurentian Valley, Township of"" href=""http://www.laurentianvalleytwsp.on.ca/"">Laurentian Valley, Township of</a>",Lower Tier,Renfrew
"<a title=""Leamington, Municipality of"" href=""http://www.leamington.ca/"">Leamington, Municipality of</a>",Lower Tier,Essex
"<a title=""Leeds and Grenville, United Counties of"" href=""http://www.leedsandgrenville.ca/"">Leeds and Grenville, United Counties of</a>",Upper Tier,Leeds and Grenville
"<a title=""Leeds and the Thousand Islands, Township of"" href=""http://www.townshipleeds.on.ca/"">Leeds and the Thousand Islands, Township of</a>",Lower Tier,Leeds and Grenville
"<a title=""Lennox and Addington, County of"" href=""http://www.lennox-addington.on.ca/"">Lennox and Addington, County of</a>",Upper Tier,Lennox and Addington
"<a title=""Limerick, Township of"" href=""http://www.township.limerick.on.ca/"">Limerick, Township of</a>",Lower Tier,Hastings
"<a title=""Lincoln, Town of"" href=""http://www.lincoln.ca/"">Lincoln, Town of</a>",Lower Tier,Niagara
"<a title=""London, City of"" href=""http://www.london.ca/"">London, City of</a>",Single Tier,Middlesex
"<a title=""Loyalist, Township of"" href=""http://www.loyalist.ca/"">Loyalist, Township of</a>",Lower Tier,Lennox and Addington
"<a title=""Lucan Biddulph, Township of"" href=""http://www.lucanbiddulph.on.ca/"">Lucan Biddulph, Township of</a>",Lower Tier,Middlesex
"<a title=""Macdonald, Meredith and Aberdeen Additional, Township of"" href=""http://www.echobay.ca/"">Macdonald, Meredith and Aberdeen Additional, Township of</a>",Single Tier,Algoma
"<a title=""Machar, Township of"" href=""http://www.machartownship.net/"">Machar, Township of</a>",Single Tier,Parry Sound
"<a title=""Machin, Township of"" href=""http://www.visitmachin.com/"">Machin, Township of</a>",Single Tier,Kenora
"<a title=""Madawaska Valley, Township of"" href=""http://www.madawaskavalley.ca/"">Madawaska Valley, Township of</a>",Lower Tier,Renfrew
"<a title=""Madoc, Township of"" href=""http://www.madoc.ca/"">Madoc, Township of</a>",Lower Tier,Hastings
"<a title=""Magnetawan, Municipality of"" href=""http://www.magnetawan.com/"">Magnetawan, Municipality of</a>",Single Tier,Parry Sound
"<a title=""Malahide, Township of"" href=""http://www.malahide.ca/"">Malahide, Township of</a>",Lower Tier,Elgin
"<a title=""Manitouwadge, Township of"" href=""http://www.manitouwadge.ca/"">Manitouwadge, Township of</a>",Single Tier,Thunder Bay
"<a title=""Mapleton, Township of"" href=""http://www.mapleton.ca/"">Mapleton, Township of</a>",Lower Tier,Wellington
"<a title=""Marathon, Town of"" href=""http://www.marathon.ca/"">Marathon, Town of</a>",Single Tier,Thunder Bay
"<a title=""Markham, City of"" href=""http://www.markham.ca/"">Markham, City of</a>",Lower Tier,York
"<a title=""Markstay-Warren, Municipality of"" href=""http://www.markstay-warren.ca/"">Markstay-Warren, Municipality of</a>",Single Tier,Sudbury
"<a title=""Marmora and Lake, Municipality of"" href=""http://www.marmoraandlake.ca/"">Marmora and Lake, Municipality of</a>",Lower Tier,Hastings
"<a title=""Matachewan, Township of"" href=""http://www.matachewan.com/"">Matachewan, Township of</a>",Single Tier,Timiskaming
"<a title=""Mattawa, Town of"" href=""http://www.mattawa.ca/"">Mattawa, Town of</a>",Single Tier,Nipissing
"<a title=""Mattawan, Municipality of""></a>Mattawan, Municipality of",Single Tier,Nipissing
"<a title=""Mattice-Val Côté, Township of"" href=""http://www.matticevalcote.ca/"">Mattice-Val Côté, Township of</a>",Single Tier,Cochrane
"<a title=""McDougall, Township of"" href=""http://www.municipalityofmcdougall.com/"">McDougall, Township of</a>",Single Tier,Parry Sound
"<a title=""McGarry, Township of"" href=""http://www.mcgarry.ca/"">McGarry, Township of</a>",Single Tier,Timiskaming
"<a title=""McKellar, Township of"" href=""http://www.township.mckellar.on.ca/"">McKellar, Township of</a>",Single Tier,Parry Sound
"<a title=""McMurrich/Monteith, Township of"" href=""http://www.mcmurrichmonteith.com/"">McMurrich/Monteith, Township of</a>",Single Tier,Parry Sound
"<a title=""McNab/Braeside, Township of"" href=""http://mcnabbraeside.com/"">McNab/Braeside, Township of</a>",Lower Tier,Renfrew
"<a title=""Meaford, Municipality of"" href=""http://meaford.ca/"">Meaford, Municipality of</a>",Lower Tier,Grey
"<a title=""Melancthon, Township of"" href=""http://melancthontownship.ca/"">Melancthon, Township of</a>",Lower Tier,Dufferin
"<a title=""Merrickville-Wolford, Village of"" href=""http://www.merrickville-wolford.ca/"">Merrickville-Wolford, Village of</a>",Lower Tier,Leeds and Grenville
"<a title=""Middlesex, County of"" href=""http://www.middlesex.ca/"">Middlesex, County of</a>",Upper Tier,Middlesex
"<a title=""Middlesex Centre, Municipality of"" href=""http://www.middlesexcentre.on.ca/"">Middlesex Centre, Municipality of</a>",Lower Tier,Middlesex
"<a title=""Midland, Town of"" href=""http://www.midland.ca/"">Midland, Town of</a>",Lower Tier,Simcoe
"<a title=""Milton, Town of"" href=""http://www.milton.ca/"">Milton, Town of</a>",Lower Tier,Halton
"<a title=""Minden Hills, Township of"" href=""http://www.mindenhills.ca/"">Minden Hills, Township of</a>",Lower Tier,Haliburton
"<a title=""Minto, Town of"" href=""http://www.town.minto.on.ca/"">Minto, Town of</a>",Lower Tier,Wellington
"<a title=""Mississauga, City of"" href=""http://www.mississauga.ca/"">Mississauga, City of</a>",Lower Tier,Peel
"<a title=""Mississippi Mills, Municipality of"" href=""http://www.mississippimills.ca/"">Mississippi Mills, Municipality of</a>",Lower Tier,Lanark
"<a title=""Mono, Town of"" href=""http://www.townofmono.com/"">Mono, Town of</a>",Lower Tier,Dufferin
"<a title=""Montague, Township of"" href=""http://www.township.montague.on.ca/"">Montague, Township of</a>",Lower Tier,Lanark
"<a title=""Moonbeam, Township of"" href=""http://www.moonbeam.ca/"">Moonbeam, Township of</a>",Single Tier,Cochrane
"<a title=""Moosonee, Town of"" href=""http://www.moosonee.ca/"">Moosonee, Town of</a>",Single Tier,Cochrane
"<a title=""Morley, Township of"" href=""http://www.townshipofmorley.ca/"">Morley, Township of</a>",Single Tier,Rainy River
"<a title=""Morris-Turnberry, Municipality of"" href=""http://www.morris-turnberry.on.ca/"">Morris-Turnberry, Municipality of</a>",Lower Tier,Huron
"<a title=""Mulmur, Township of"" href=""http://www.mulmurtownship.ca./"">Mulmur, Township of</a>",Lower Tier,Dufferin
"<a title=""Muskoka, District Municipality of"" href=""http://www.muskoka.on.ca/"">Muskoka, District Municipality of</a>",Upper Tier,Muskoka
"<a title=""Muskoka Lakes, Township of"" href=""http://www.muskokalakes.ca/"">Muskoka Lakes, Township of</a>",Lower Tier,Muskoka
"<a title=""Nairn and Hyman, Township of"" href=""http://www.nairncentre.ca/"">Nairn and Hyman, Township of</a>",Single Tier,Sudbury
"<a title=""Neebing, Municipality of"" href=""http://www.neebing.org/"">Neebing, Municipality of</a>",Single Tier,Thunder Bay
"<a title=""New Tecumseth, Town of"" href=""http://www.town.newtecumseth.on.ca/"">New Tecumseth, Town of</a>",Lower Tier,Simcoe
"<a title=""Newbury, Village of"" href=""http://www.newbury.ca/"">Newbury, Village of</a>",Lower Tier,Middlesex
"<a title=""Newmarket, Town of"" href=""http://www.newmarket.ca/"">Newmarket, Town of</a>",Lower Tier,York
"<a title=""Niagara, Regional Municipality of"" href=""http://www.niagararegion.ca/"">Niagara, Regional Municipality of</a>",Upper Tier,Niagara
"<a title=""Niagara Falls, City of"" href=""http://www.niagarafalls.ca/"">Niagara Falls, City of</a>",Lower Tier,Niagara
"<a title=""Niagara-on-the-Lake, Town of"" href=""http://www.notl.org/"">Niagara-on-the-Lake, Town of</a>",Lower Tier,Niagara
"<a title=""Nipigon, Township of"" href=""http://www.nipigon.net/"">Nipigon, Township of</a>",Single Tier,Thunder Bay
"<a title=""Nipissing, Township of"" href=""http://nipissingtownship.com/"">Nipissing, Township of</a>",Single Tier,Parry Sound
"<a title=""Norfolk County"" href=""http://www.norfolkcounty.on.ca/"">Norfolk County</a>",Single Tier,Norfolk
"<a title=""North Algona Wilberforce, Township of"" href=""http://www.nalgonawil.com/"">North Algona Wilberforce, Township of</a>",Lower Tier,Renfrew
"<a title=""North Bay, City of"" href=""http://www.cityofnorthbay.ca/"">North Bay, City of</a>",Single Tier,Nipissing
"<a title=""North Dumfries, Township of"" href=""http://www.northdumfries.ca/"">North Dumfries, Township of</a>",Lower Tier,Waterloo
"<a title=""North Dundas, Township of"" href=""http://www.northdundas.com/"">North Dundas, Township of</a>",Lower Tier,"Stormont, Dundas and Glengarry"
"<a title=""North Frontenac, Township of"" href=""http://www.northfrontenac.ca/"">North Frontenac, Township of</a>",Lower Tier,Frontenac
"<a title=""North Glengarry, Township of"" href=""http://www.northglengarry.ca/"">North Glengarry, Township of</a>",Lower Tier,"Stormont, Dundas and Glengarry"
"<a title=""North Grenville, Municipality of"" href=""http://www.northgrenville.ca/"">North Grenville, Municipality of</a>",Lower Tier,Leeds and Grenville
"<a title=""North Huron, Township of"" href=""http://www.northhuron.ca/"">North Huron, Township of</a>",Lower Tier,Huron
"<a title=""North Kawartha, Township of"" href=""http://www.northkawartha.on.ca/"">North Kawartha, Township of</a>",Lower Tier,Peterborough
"<a title=""North Middlesex, Municipality of"" href=""http://www.northmiddlesex.on.ca/"">North Middlesex, Municipality of</a>",Lower Tier,Middlesex
"<a title=""North Perth, Municipality of"" href=""http://www.northperth.ca/"">North Perth, Municipality of</a>",Lower Tier,Perth
"<a title=""North Stormont, Township of"" href=""http://www.northstormont.ca/"">North Stormont, Township of</a>",Lower Tier,"Stormont, Dundas and Glengarry"
"<a title=""Northeastern Manitoulin and The Islands, Town of"" href=""http://www.townofnemi.on.ca/"">Northeastern Manitoulin and The Islands, Town of</a>",Single Tier,Manitoulin
"<a title=""Northern Bruce Peninsula, Municipality of"" href=""http://www.northbrucepeninsula.ca/"">Northern Bruce Peninsula, Municipality of</a>",Lower Tier,Bruce
"<a title=""Northumberland, County of"" href=""http://northumberland.ca/"">Northumberland, County of</a>",Upper Tier,Northumberland
"<a title=""Norwich, Township of"" href=""http://www.twp.norwich.on.ca/"">Norwich, Township of</a>",Lower Tier,Oxford
"<a title=""O'Connor, Township of"" href=""http://www.oconnortownship.ca/"">O'Connor, Township of</a>",Single Tier,Thunder Bay
"<a title=""Oakville, Town of"" href=""http://www.oakville.ca/"">Oakville, Town of</a>",Lower Tier,Halton
"<a title=""Oil Springs, Village of"" href=""http://www.oilsprings.ca/"">Oil Springs, Village of</a>",Lower Tier,Lambton
"<a title=""Oliver Paipoonge, Municipality of"" href=""http://www.oliverpaipoonge.on.ca/"">Oliver Paipoonge, Municipality of</a>",Single Tier,Thunder Bay
"<a title=""Opasatika, Township of"" href=""http://opasatika.net/"">Opasatika, Township of</a>",Single Tier,Cochrane
"<a title=""Orangeville, Town of"" href=""http://www.orangeville.ca/"">Orangeville, Town of</a>",Lower Tier,Dufferin
"<a title=""Orillia, City of"" href=""http://www.orillia.ca/"">Orillia, City of</a>",Single Tier,Simcoe
"<a title=""Oro-Medonte, Township of"" href=""http://www.oro-medonte.ca/"">Oro-Medonte, Township of</a>",Lower Tier,Simcoe
"<a title=""Oshawa, City of"" href=""http://www.city.oshawa.on.ca/"">Oshawa, City of</a>",Lower Tier,Durham
"<a title=""Otonabee-South Monaghan, Township of"" href=""http://www.osmtownship.ca/"">Otonabee-South Monaghan, Township of</a>",Lower Tier,Peterborough
"<a title=""Ottawa, City of"" href=""http://ottawa.ca/en"">Ottawa, City of</a>",Single Tier,Ottawa
"<a title=""Owen Sound, City of"" href=""http://www.owensound.ca/"">Owen Sound, City of</a>",Lower Tier,Grey
"<a title=""Oxford, County of"" href=""http://www.oxfordcounty.ca/"">Oxford, County of</a>",Upper Tier,Oxford
"<a title=""Papineau-Cameron, Township of"" href=""http://www.papineaucameron.ca/"">Papineau-Cameron, Township of</a>",Single Tier,Nipissing
"<a title=""Parry Sound, Town of"" href=""http://www.townofparrysound.com/"">Parry Sound, Town of</a>",Single Tier,Parry Sound
"<a title=""Peel, Regional Municipality of"" href=""http://www.peelregion.ca/"">Peel, Regional Municipality of</a>",Upper Tier,Peel
"<a title=""Pelee, Township of"" href=""http://www.pelee.org/"">Pelee, Township of</a>",Single Tier,Essex
"<a title=""Pelham, Town of"" href=""http://www.pelham.ca/"">Pelham, Town of</a>",Lower Tier,Niagara
"<a title=""Pembroke, City of"" href=""http://www.pembrokeontario.com/"">Pembroke, City of</a>",Single Tier,Renfrew
"<a title=""Penetanguishene, Town of"" href=""http://www.penetanguishene.ca/"">Penetanguishene, Town of</a>",Lower Tier,Simcoe
"<a title=""Perry, Township of"" href=""http://www.townshipofperry.ca/"">Perry, Township of</a>",Single Tier,Parry Sound
"<a title=""Perth, Town of"" href=""http://www.perth.ca/en/index.aspx"">Perth, Town of</a>",Lower Tier,Lanark
"<a title=""Perth, County of"" href=""http://www.perthcounty.ca/"">Perth, County of</a>",Upper Tier,Perth
"<a title=""Perth East, Township of"" href=""http://www.pertheast.on.ca/"">Perth East, Township of</a>",Lower Tier,Perth
"<a title=""Perth South, Township of"" href=""http://www.perthsouth.ca/"">Perth South, Township of</a>",Lower Tier,Perth
"<a title=""Petawawa, Town of"" href=""http://www.petawawa.ca/"">Petawawa, Town of</a>",Lower Tier,Renfrew
"<a title=""Peterborough, County of"" href=""http://www.ptbocounty.ca/en/index.aspx"">Peterborough, County of</a>",Upper Tier,Peterborough
"<a title=""Peterborough, City of"" href=""http://www.peterborough.ca/"">Peterborough, City of</a>",Single Tier,Peterborough
"<a title=""Petrolia, Town of"" href=""http://town.petrolia.on.ca/"">Petrolia, Town of</a>",Lower Tier,Lambton
"<a title=""Pickering, City of"" href=""https://www.pickering.ca/en/index.aspx"">Pickering, City of</a>",Lower Tier,Durham
"<a title=""Pickle Lake, Township of"" href=""http://www.picklelake.ca/"">Pickle Lake, Township of</a>",Single Tier,Kenora
"<a title=""Plummer Additional, Township of"" href=""http://copperbaywebdesign.com/plummer_index.html"">Plummer Additional, Township of</a>",Single Tier,Algoma
"<a title=""Plympton-Wyoming, Town of"" href=""http://plympton-wyoming.com/"">Plympton-Wyoming, Town of</a>",Lower Tier,Lambton
"<a title=""Point Edward, Village of"" href=""http://www.villageofpointedward.com/"">Point Edward, Village of</a>",Lower Tier,Lambton
"<a title=""Port Colborne, City of"" href=""http://www.portcolborne.ca/"">Port Colborne, City of</a>",Lower Tier,Niagara
"<a title=""Port Hope, Municipality of"" href=""http://www.porthope.ca/"">Port Hope, Municipality of</a>",Lower Tier,Northumberland
"<a title=""Powassan, Municipality of"" href=""http://www.powassan.net/"">Powassan, Municipality of</a>",Single Tier,Parry Sound
"<a title=""Prescott, Town of"" href=""http://www.prescott.ca/"">Prescott, Town of</a>",Single Tier,Leeds and Grenville
"<a title=""Prescott and Russell, United Counties of"" href=""http://www.prescott-russell.on.ca/"">Prescott and Russell, United Counties of</a>",Upper Tier,Prescott and Russell
"<a title=""Prince, Township of"" href=""http://www.princetwp.ca/"">Prince, Township of</a>",Single Tier,Algoma
"<a title=""Prince Edward, County of"" href=""http://www.pecounty.on.ca/"">Prince Edward, County of</a>",Single Tier,Prince Edward
"<a title=""Puslinch, Township of"" href=""http://twp.puslinch.on.ca/"">Puslinch, Township of</a>",Lower Tier,Wellington
"<a title=""Quinte West, City of"" href=""http://www.quintewest.ca/"">Quinte West, City of</a>",Single Tier,Hastings
"<a title=""Rainy River, Town of"" href=""http://www.rainyriver.ca/"">Rainy River, Town of</a>",Single Tier,Rainy River
"<a title=""Ramara, Township of"" href=""http://www.ramara.ca/"">Ramara, Township of</a>",Lower Tier,Simcoe
"<a title=""Red Lake, Municipality of"" href=""http://www.red-lake.com/"">Red Lake, Municipality of</a>",Single Tier,Kenora
"<a title=""Red Rock, Township of"" href=""http://www.redrocktownship.com/"">Red Rock, Township of</a>",Single Tier,Thunder Bay
"<a title=""Renfrew, County of"" href=""http://www.countyofrenfrew.on.ca/"">Renfrew, County of</a>",Upper Tier,Renfrew
"<a title=""Renfrew, Town of"" href=""http://www.renfrewontario.com/"">Renfrew, Town of</a>",Lower Tier,Renfrew
"<a title=""Richmond Hill, City of"" href=""http://www.richmondhill.ca/"">Richmond Hill, City of</a>",Lower Tier,York
"<a title=""Rideau Lakes, Township of"" href=""http://www.twprideaulakes.on.ca/"">Rideau Lakes, Township of</a>",Lower Tier,Leeds and Grenville
"<a title=""Russell, Township of"" href=""http://www.russell.ca/"">Russell, Township of</a>",Lower Tier,Prescott and Russell
"<a title=""Ryerson, Township of"" href=""http://www.ryersontownship.ca/"">Ryerson, Township of</a>",Single Tier,Parry Sound
"<a title=""Sables-Spanish Rivers, Township of"" href=""http://www.sables-spanish.ca/"">Sables-Spanish Rivers, Township of</a>",Single Tier,Sudbury
"<a title=""Sarnia, City of"" href=""http://www.sarnia.ca/"">Sarnia, City of</a>",Lower Tier,Lambton
"<a title=""Saugeen Shores, Town of"" href=""http://www.saugeenshores.ca/"">Saugeen Shores, Town of</a>",Lower Tier,Bruce
"<a title=""Sault Ste. Marie, City of"" href=""http://www.city.sault-ste-marie.on.ca/"">Sault Ste. Marie, City of</a>",Single Tier,Algoma
"<a title=""Schreiber, Township of"" href=""http://www.schreiber.ca/"">Schreiber, Township of</a>",Single Tier,Thunder Bay
"<a title=""Scugog, Township of"" href=""http://www.township.scugog.on.ca/"">Scugog, Township of</a>",Lower Tier,Durham
"<a title=""Seguin, Township of"" href=""http://www.twp.seguin.on.ca/"">Seguin, Township of</a>",Single Tier,Parry Sound
"<a title=""Selwyn, Township of"" href=""http://www.selwyntownship.ca/en/index.asp"">Selwyn, Township of</a>",Lower Tier,Peterborough
"<a title=""Severn, Township of"" href=""http://www.townshipofsevern.com/"">Severn, Township of</a>",Lower Tier,Simcoe
"<a title=""Shelburne, Town of"" href=""http://www.townofshelburne.on.ca/"">Shelburne, Town of</a>",Lower Tier,Dufferin
"<a title=""Shuniah, Municipality of"" href=""http://www.shuniah.org/"">Shuniah, Municipality of</a>",Single Tier,Thunder Bay
"<a title=""Simcoe, County of"" href=""http://www.simcoe.ca/"">Simcoe, County of</a>",Upper Tier,Simcoe
"<a title=""Sioux Lookout, Municipality of"" href=""http://www.siouxlookout.ca/"">Sioux Lookout, Municipality of</a>",Single Tier,Kenora
"<a title=""Sioux Narrows-Nestor Falls, Township of"" href=""http://www.siouxnarrows-nestorfalls.ca/"">Sioux Narrows-Nestor Falls, Township of</a>",Single Tier,Kenora
"<a title=""Smiths Falls, Town of"" href=""http://www.smithsfalls.ca/"">Smiths Falls, Town of</a>",Single Tier,Lanark
"<a title=""Smooth Rock Falls, Town of"" href=""http://www.townofsmoothrockfalls.ca/"">Smooth Rock Falls, Town of</a>",Single Tier,Cochrane
"<a title=""South Algonquin, Township of"" href=""http://www.township.southalgonquin.on.ca/"">South Algonquin, Township of</a>",Single Tier,Nipissing
"<a title=""South Bruce, Municipality of"" href=""http://www.town.southbruce.on.ca/"">South Bruce, Municipality of</a>",Lower Tier,Bruce
"<a title=""South Bruce Peninsula, Town of"" href=""http://www.southbrucepeninsula.com/"">South Bruce Peninsula, Town of</a>",Lower Tier,Bruce
"<a title=""South Dundas, Municipality of"" href=""http://www.southdundas.com/"">South Dundas, Municipality of</a>",Lower Tier,"Stormont, Dundas and Glengarry"
"<a title=""South Frontenac, Township of"" href=""http://www.township.southfrontenac.on.ca/"">South Frontenac, Township of</a>",Lower Tier,Frontenac
"<a title=""South Glengarry, Township of"" href=""http://southglengarry.com/"">South Glengarry, Township of</a>",Lower Tier,"Stormont, Dundas and Glengarry"
"<a title=""South Huron, Municipality of"" href=""http://www.southhuron.ca/"">South Huron, Municipality of</a>",Lower Tier,Huron
"<a title=""South River, Village of"" href=""http://www.southriverontario.com/"">South River, Village of</a>",Single Tier,Parry Sound
"<a title=""South Stormont, Township of"" href=""http://southstormont.ca/"">South Stormont, Township of</a>",Lower Tier,"Stormont, Dundas and Glengarry"
"<a title=""South-West Oxford, Township of"" href=""http://www.swox.org/"">South-West Oxford, Township of</a>",Lower Tier,Oxford
"<a title=""Southgate, Township of"" href=""http://www.town.southgate.on.ca/"">Southgate, Township of</a>",Lower Tier,Grey
"<a title=""Southwest Middlesex, Municipality of"" href=""http://www.southwestmiddlesex.ca/"">Southwest Middlesex, Municipality of</a>",Lower Tier,Middlesex
"<a title=""Southwold, Township of"" href=""http://www.twp.southwold.on.ca/"">Southwold, Township of</a>",Lower Tier,Elgin
"<a title=""Spanish, Town of"" href=""http://www.townofspanish.com/"">Spanish, Town of</a>",Single Tier,Algoma
"<a title=""Springwater, Township of"" href=""http://www.springwater.ca/"">Springwater, Township of</a>",Lower Tier,Simcoe
"<a title=""St. Catharines, City of"" href=""http://www.stcatharines.ca/"">St. Catharines, City of</a>",Lower Tier,Niagara
"<a title=""St. Clair, Township of"" href=""http://www.twp.stclair.on.ca/"">St. Clair, Township of</a>",Lower Tier,Lambton
"<a title=""St. Joseph, Township of"" href=""http://www.stjosephtownship.com/"">St. Joseph, Township of</a>",Single Tier,Algoma
"<a title=""St. Marys, Town of"" href=""http://www.townofstmarys.com/"">St. Marys, Town of</a>",Single Tier,Perth
"<a title=""St. Thomas, City of"" href=""http://www.city.st-thomas.on.ca/"">St. Thomas, City of</a>",Single Tier,Elgin
"<a title=""St.-Charles, Municipality of"" href=""http://www.stcharlesontario.ca/"">St.-Charles, Municipality of</a>",Single Tier,Sudbury
"<a title=""Stirling-Rawdon, Township of"" href=""http://www.stirling-rawdon.com/"">Stirling-Rawdon, Township of</a>",Lower Tier,Hastings
"<a title=""Stone Mills, Township of"" href=""http://www.stonemills.com/"">Stone Mills, Township of</a>",Lower Tier,Lennox and Addington
"<a title=""Stormont, Dundas and Glengarry, United Counties of"" href=""http://www.sdg.on.ca/"">Stormont, Dundas and Glengarry, United Counties of</a>",Upper Tier,"Stormont, Dundas and Glengarry"
"<a title=""Stratford, City of"" href=""http://www.city.stratford.on.ca/"">Stratford, City of</a>",Single Tier,Perth
"<a title=""Strathroy-Caradoc, Municipality of"" href=""http://www.strathroy-caradoc.ca/"">Strathroy-Caradoc, Municipality of</a>",Lower Tier,Middlesex
"<a title=""Strong, Township of"" href=""http://www.strongtownship.com/"">Strong, Township of</a>",Single Tier,Parry Sound
"<a title=""Sundridge, Village of"" href=""http://www.sundridge.ca/"">Sundridge, Village of</a>",Single Tier,Parry Sound
"<a title=""Tarbutt, Township of"" href=""http://www.tarbutttownship.com/"">Tarbutt, Township of</a>",Single Tier,Algoma
"<a title=""Tay, Township of"" href=""http://www.tay.ca/"">Tay, Township of</a>",Lower Tier,Simcoe
"<a title=""Tay Valley, Township of"" href=""http://www.tayvalleytwp.ca/"">Tay Valley, Township of</a>",Lower Tier,Lanark
"<a title=""Tecumseh, Town of"" href=""http://www.tecumseh.ca/"">Tecumseh, Town of</a>",Lower Tier,Essex
"<a title=""Tehkummah, Township of"" href=""https://tehkummah.ca/"">Tehkummah, Township of</a>",Single Tier,Manitoulin
"<a title=""Temagami, Municipality of"" href=""http://www.temagami.ca/"">Temagami, Municipality of</a>",Single Tier,Nipissing
"<a title=""Temiskaming Shores, City of"" href=""http://www.temiskamingshores.ca/"">Temiskaming Shores, City of</a>",Single Tier,Timiskaming
"<a title=""Terrace Bay, Township of"" href=""http://www.terracebay.ca/"">Terrace Bay, Township of</a>",Single Tier,Thunder Bay
"<a title=""Thames Centre, Municipality of"" href=""http://www.thamescentre.on.ca/"">Thames Centre, Municipality of</a>",Lower Tier,Middlesex
"<a title=""The Archipelago, Township of"" href=""http://www.thearchipelago.on.ca/"">The Archipelago, Township of</a>",Single Tier,Parry Sound
"<a title=""The Blue Mountains, Town of"" href=""http://www.thebluemountains.ca/"">The Blue Mountains, Town of</a>",Lower Tier,Grey
"<a title=""The Nation Municipality"" href=""http://www.nationmun.ca/"">The Nation Municipality</a>",Lower Tier,Prescott and Russell
"<a title=""The North Shore, Township of"" href=""http://www.townshipofthenorthshore.ca/"">The North Shore, Township of</a>",Single Tier,Algoma
"<a title=""Thessalon, Town of"" href=""http://www.thessalon.ca/"">Thessalon, Town of</a>",Single Tier,Algoma
"<a title=""Thornloe, Village of""></a>Thornloe, Village of",Single Tier,Timiskaming
"<a title=""Thorold, City of"" href=""http://www.thorold.com/"">Thorold, City of</a>",Lower Tier,Niagara
"<a title=""Thunder Bay, City of"" href=""http://www.thunderbay.ca/"">Thunder Bay, City of</a>",Single Tier,Thunder Bay
"<a title=""Tillsonburg, Town of"" href=""http://www.town.tillsonburg.on.ca/"">Tillsonburg, Town of</a>",Lower Tier,Oxford
"<a title=""Timmins, City of"" href=""http://www.timmins.ca/"">Timmins, City of</a>",Single Tier,Cochrane
"<a title=""Tiny, Township of"" href=""http://www.township.tiny.on.ca/"">Tiny, Township of</a>",Lower Tier,Simcoe
"<a title=""Toronto, City of"" href=""http://www.toronto.ca/"">Toronto, City of</a>",Single Tier,Toronto
"<a title=""Trent Hills, Municipality of"" href=""http://www.trenthills.ca/"">Trent Hills, Municipality of</a>",Lower Tier,Northumberland
"<a title=""Trent Lakes, Municipality of"" href=""http://www.trentlakes.ca/"">Trent Lakes, Municipality of</a>",Lower Tier,Peterborough
"<a title=""Tudor and Cashel, Township of"" href=""http://www.tudorandcashel.com/"">Tudor and Cashel, Township of</a>",Lower Tier,Hastings
"<a title=""Tweed, Municipality of"" href=""http://www.tweed.ca/"">Tweed, Municipality of</a>",Lower Tier,Hastings
"<a title=""Tyendinaga, Township of"" href=""http://www.tyendinagatownship.com/"">Tyendinaga, Township of</a>",Lower Tier,Hastings
"<a title=""Uxbridge, Township of"" href=""http://www.town.uxbridge.on.ca/"">Uxbridge, Township of</a>",Lower Tier,Durham
"<a title=""Val Rita-Harty, Township of"" href=""http://valharty.ca/en/"">Val Rita-Harty, Township of</a>",Single Tier,Cochrane
"<a title=""Vaughan, City of"" href=""http://www.city.vaughan.on.ca/"">Vaughan, City of</a>",Lower Tier,York
"<a title=""Wainfleet, Township of"" href=""http://www.wainfleet.ca/"">Wainfleet, Township of</a>",Lower Tier,Niagara
"<a title=""Warwick, Township of"" href=""http://www.warwicktownship.ca/"">Warwick, Township of</a>",Lower Tier,Lambton
"<a title=""Wasaga Beach, Town of"" href=""http://www.wasagabeach.com/"">Wasaga Beach, Town of</a>",Lower Tier,Simcoe
"<a title=""Waterloo, Regional Municipality of"" href=""http://www.region.waterloo.on.ca/"">Waterloo, Regional Municipality of</a>",Upper Tier,Waterloo
"<a title=""Waterloo, City of"" href=""http://www.city.waterloo.on.ca/"">Waterloo, City of</a>",Lower Tier,Waterloo
"<a title=""Wawa, Municipality of"" href=""http://www.wawa.cc/"">Wawa, Municipality of</a>",Single Tier,Algoma
"<a title=""Welland, City of"" href=""http://www.welland.ca/"">Welland, City of</a>",Lower Tier,Niagara
"<a title=""Wellesley, Township of"" href=""http://www.township.wellesley.on.ca/"">Wellesley, Township of</a>",Lower Tier,Waterloo
"<a title=""Wellington, County of"" href=""http://www.wellington.ca/"">Wellington, County of</a>",Upper Tier,Wellington
"<a title=""Wellington North, Township of"" href=""http://www.wellington-north.com/"">Wellington North, Township of</a>",Lower Tier,Wellington
"<a title=""West Elgin, Municipality of"" href=""http://www.westelgin.net/"">West Elgin, Municipality of</a>",Lower Tier,Elgin
"<a title=""West Grey, Municipality of"" href=""http://www.westgrey.com/"">West Grey, Municipality of</a>",Lower Tier,Grey
"<a title=""West Lincoln, Township of"" href=""http://www.westlincoln.ca/"">West Lincoln, Township of</a>",Lower Tier,Niagara
"<a title=""West Nipissing, Municipality of"" href=""http://www.westnipissing.ca/"">West Nipissing, Municipality of</a>",Single Tier,Nipissing
"<a title=""West Perth, Municipality of"" href=""http://www.westperth.com/"">West Perth, Municipality of</a>",Lower Tier,Perth
"<a title=""Westport, Village of"" href=""http://www.village.westport.on.ca/"">Westport, Village of</a>",Lower Tier,Leeds and Grenville
"<a title=""Whitby, Town of"" href=""http://www.whitby.ca/en/"">Whitby, Town of</a>",Lower Tier,Durham
"<a title=""Whitchurch-Stouffville, Town of"" href=""http://www.townofws.com/"">Whitchurch-Stouffville, Town of</a>",Lower Tier,York
"<a title=""White River, Township of"" href=""http://www.whiteriver.ca/"">White River, Township of</a>",Single Tier,Algoma
"<a title=""Whitestone, Municipality of"" href=""http://www.whitestone.ca/"">Whitestone, Municipality of</a>",Single Tier,Parry Sound
"<a title=""Whitewater Region, Township of"" href=""http://www.whitewaterregion.ca/"">Whitewater Region, Township of</a>",Lower Tier,Renfrew
"<a title=""Wilmot, Township of"" href=""http://www.wilmot.ca/"">Wilmot, Township of</a>",Lower Tier,Waterloo
"<a title=""Windsor, City of"" href=""http://www.citywindsor.ca/"">Windsor, City of</a>",Single Tier,Essex
"<a title=""Wollaston, Township of"" href=""http://www.township.wollaston.on.ca/"">Wollaston, Township of</a>",Lower Tier,Hastings
"<a title=""Woodstock, City of"" href=""http://www.city.woodstock.on.ca/"">Woodstock, City of</a>",Lower Tier,Oxford
"<a title=""Woolwich, Township of"" href=""http://www.woolwich.ca/"">Woolwich, Township of</a>",Lower Tier,Waterloo
"<a title=""York, Regional Municipality of"" href=""http://www.york.ca/"">York, Regional Municipality of</a>",Upper Tier,York
"<a title=""Zorra, Township of"" href=""http://www.zorra.on.ca/"">Zorra, Township of</a>",Lower Tier,Oxford
